Thread Count,Time
2,0.000283763
4,0.000227611
8,0.000254569
